symbol,company,market_cap,industry,lodged,tier,type,approver,form,validity_days,response_sla_days,revocable,conditions_allowed,refusal_confidential,covers_derivatives,post_trade_to,post_trade_deadline,section,evidence
BHP,BHP GROUP LIMITED,339826752284,Materials,2024-10-01,PDMRs,approval,Group Company Secretary or their delegate (Clearance Officer),written,2,2,yes,not_addressed,yes,implied,Group Company Secretary (transaction details); BHP then notifies the UK FCA and announces to exchanges,immediately after dealing; FCA within three business days; exchange announcement within two business days of BHP being notified,5; 8,"Clearance Officers will provide a response in writing within two business days after the initial clearance request. ... Upon receipt of written approval, the dealing must be completed within two business days. ... After dealing in BHP securities, PDMRs (including their PCAs) must immediately notify the Group Company Secretary of the transaction details."
BHP,BHP GROUP LIMITED,339826752284,Materials,2024-10-01,PCAs,approval,Group Company Secretary or their delegate (Clearance Officer); form may be submitted by the PDMR on the PCA's behalf,written,2,2,yes,not_addressed,yes,implied,Group Company Secretary; FCA and exchanges via BHP,immediately; FCA within three business days,4 (PCAs); 5,must request clearance before dealing in BHP securities from the Group Company Secretary by submitting a Securities Dealing Clearance Request Form (which may be submitted by the PDMR on behalf of the PCA)
BHP,BHP GROUP LIMITED,339826752284,Materials,2024-10-01,Restricted Persons,approval,Group Company Secretary or their delegate (Clearance Officer),written,2,2,yes,not_addressed,yes,implied,,,4 (Restricted Persons); 5; 8,Restricted Persons: must request clearance before dealing in BHP securities from the Group Company Secretary in BHP securities by submitting a Securities Dealing Clearance Request Form
BHP,BHP GROUP LIMITED,339826752284,Materials,2024-10-01,Persons on insider lists,approval,Group Company Secretary or their delegate (Clearance Officer),written,2,2,yes,not_addressed,yes,implied,,,4 (People on insider lists); 5,must request clearance from the Group Company Secretary before dealing in BHP securities by submitting a Securities Dealing Clearance Request Form
BHP,BHP GROUP LIMITED,339826752284,Materials,2024-10-01,Participants in BHP's employee incentive plans,none,,unspecified,,,not_addressed,not_addressed,not_addressed,not_addressed,,,4,BHP employees who are participants in any of BHP's employee incentive plans ... must not deal in any BHP securities during any Closed Period.
BHP,BHP GROUP LIMITED,339826752284,Materials,2024-10-01,"BHP directors, employees and contractors",none,,unspecified,,,not_addressed,not_addressed,not_addressed,not_addressed,,,3,"If a BHP director, employee or contractor is unsure, they should consult Group Governance."
CBA,COMMONWEALTH BANK OF AUSTRALIA.,266331534276,Banks,2024-09-30,"CBA Board directors, Group Company Secretaries, Group Executives",approval,CBA Board Chair for CBA Board directors (other than the Chair) and the CEO; CBA Board Audit Committee Chair for the Board Chair; CEO for Group Executives; for Group Company Secretaries the Pre-Clearance approver is not stated (Attachment A),system,3,,yes,yes,yes,implied,,,"Policy requirements paras 2, 4-6; Definitions (Pre-Clearance); Attachment A","Pre-Clearance requirements apply to the CBA Group Board, Group CEO and Group Executives and certain other individuals as outlined in the Procedure and on the Conflicts Hub."
CBA,COMMONWEALTH BANK OF AUSTRALIA.,266331534276,Banks,2024-09-30,Specified Persons,approval,As designated in the Procedure and on the Conflicts Hub; the policy does not name the approver for Specified Persons outside the Board/CEO/Group Executive group,system,3,,yes,yes,yes,implied,,,"Policy requirements paras 4-6, 16(b); Definitions (Pre-Clearance)",Before Trading in any Securities you must confirm whether you require Pre-Clearance by checking the Conflicts Hub and/or the Procedure.
CBA,COMMONWEALTH BANK OF AUSTRALIA.,266331534276,Banks,2024-09-30,all employees,not_addressed,"Per the Procedure and Conflicts Hub; certain individuals require Pre-Clearance for any Trading, not just Group Securities",unspecified,3,,yes,yes,yes,implied,,,Policy requirements paras 3-5,"There are some positions in the Group that may cause individuals to be at greater risk of inappropriate Trading in relation to other entities outside the Group, accordingly certain individuals require Pre-Clearance for any Trading, not just Trading in Group Securities."
NAB,NATIONAL AUSTRALIA BANK LIMITED,120018938963,Banks,2021-11-05,Directors,approval,"Chair for acknowledgement, then Group Company Secretary or delegate (Chair's own certificate goes to the Group Company Secretary or delegate)",written,5,,not_addressed,not_addressed,not_addressed,express,"Group Company Secretary (details of any Trading in Notifiable Interests, for ASX Listing Rule 3.19A notification)","immediately, and in any event not more than 1 business day after the Trade",3.4,"Directors and Designated NAB Employees must complete a Compliance Certificate before they: Trade in Group Securities; ... or enter into Derivative transactions involving Group Securities ... If a Trade is to occur, the Trade must occur within 5 business days of NAB's acknowledgement of the Compliance Certificate."
NAB,NATIONAL AUSTRALIA BANK LIMITED,120018938963,Banks,2021-11-05,Executive Leadership Team,approval,"Direct manager (Group CEO) for acknowledgement, then Group Company Secretary or delegate",written,5,,not_addressed,not_addressed,not_addressed,express,Group Company Secretary where a financier demands payment under a Margin Loan and disposal of Group Securities may be needed; other-jurisdiction notification requirements as communicated,unspecified,3.4,"In addition, Directors and Executive Leadership Team members (but not other Designated NAB Employees) must submit a Compliance Certificate before they enter into a Margin Loan"
NAB,NATIONAL AUSTRALIA BANK LIMITED,120018938963,Banks,2021-11-05,Designated NAB Employees,approval,"Direct manager for acknowledgement, then Group Company Secretary or delegate",written,5,,not_addressed,not_addressed,not_addressed,express,,,3.4,"Acknowledgment of the Compliance Certificate by NAB is intended as a compliance monitoring function only, and is not an endorsement of the proposed transaction."
NAB,NATIONAL AUSTRALIA BANK LIMITED,120018938963,Banks,2021-11-05,NAB People,none,,unspecified,,,not_addressed,not_addressed,not_addressed,not_addressed,,,3.4.1,Directors and Designated NAB Employees must complete a Compliance Certificate before they: Trade in Group Securities
WBC,WESTPAC BANKING CORPORATION,117521621560,Banks,2021-02-05,Westpac Directors,approval,Chairman (Chairman of the Board Audit Committee for the Chairman),unspecified,,,not_addressed,not_addressed,not_addressed,express,"General Manager, Company Secretary (any trading by the Director or associates, including hedging arrangements over vested securities)",immediately,4.6,"Westpac Directors must obtain the approval of the Chairman before they or their associates do any of the following outside a Blackout Period ... In the case of the Chairman, approval must be obtained from the Chairman of the Board Audit Committee."
WBC,WESTPAC BANKING CORPORATION,117521621560,Banks,2021-02-05,Prescribed Employees,notification,"Group Control Room, Enterprise Compliance",system,,,not_addressed,not_addressed,not_addressed,express,,,4.4,you must provide notification to the Group Control Room by completing the online Prescribed Employee Trade Notification Form before you or your associates do any of the following outside a Blackout Period
WBC,WESTPAC BANKING CORPORATION,117521621560,Banks,2021-02-05,Key Prescribed Employees,approval,Per the Key Prescribed Employee Trading Process addendum (not in the lodged Policy); administered by the Group Control Room,unspecified,,,not_addressed,not_addressed,not_addressed,implied,,,4.2; 4.5,Key Prescribed Employees must follow the pre-clearance requirements as set out in the Key Prescribed Employees Trading Process.
WBC,WESTPAC BANKING CORPORATION,117521621560,Banks,2021-02-05,Employees,none,,unspecified,,,not_addressed,not_addressed,not_addressed,not_addressed,,,2.1,"Section 4 contains specific obligations for Westpac Directors and Prescribed Employees (including Group Executives and Key Prescribed Employees) (""Prescribed Employees"") and applies only to them."
ANZ,ANZ GROUP HOLDINGS LIMITED,112614448954,Banks,2026-08-05,ANZ Directors and Chief Executive Officer,approval,"Chairman of the ANZGHL Board (Chairman of the ANZGHL Audit Committee if unavailable); copy to the ANZGHL Company Secretary, who records it. Directors of ANZGHL subsidiaries other than ANZBGL apply via the Company Secretary (corpgovemelb@anz.com)",written,2,,not_addressed,not_addressed,not_addressed,implied,,,3.4; Schedule 1,"Written approval must be obtained from the Chairman of ANZGHL Board prior to Trading in ANZ Securities outside the Blackout Period. Where the Chairman is unavailable, written approval from the Chairman of the ANZGHL Audit Committee is required."
ANZ,ANZ GROUP HOLDINGS LIMITED,112614448954,Banks,2026-08-05,ExCo Members and Key Management Personnel,approval,"One of the Chief Financial Officer, Chief Risk Officer or Group General Counsel, via the Personal Account Dealing Platform (StarCompliance); copy to the ANZGHL Company Secretary",written,2,,not_addressed,not_addressed,not_addressed,implied,,,3.4; Schedule 1,"ExCo Members and Key Management Personnel must obtain Pre-trade Approval from the Group Chief Risk Officer, Chief Financial Officer or Group General Counsel and record such approval with Company Secretary prior to any Trading in ANZ Securities"
ANZ,ANZ GROUP HOLDINGS LIMITED,112614448954,Banks,2026-08-05,ANZ Restricted Persons,preclearance_system,"Personal Account Dealing Platform (StarCompliance), acknowledged by the Line Manager and recorded by the ANZ Control Room; by email to Line Manager and Control Room when on leave",system,2,,yes,not_addressed,not_addressed,implied,,,3.4,"Pre-trade Approvals are valid for 48 hours. Limit orders which have not been executed within 48 hours require a new Pre-trade Approval. ... If a person comes into possession of Inside Information after receiving Pre-trade Approval, they must not Trade in ANZ Securities despite having received Pre-trade Approval."
ANZ,ANZ GROUP HOLDINGS LIMITED,112614448954,Banks,2026-08-05,"Employees, contingent workers and ANZ Directors",none,,unspecified,,,not_addressed,not_addressed,not_addressed,not_addressed,,,3.1.1,"In addition to the general prohibition above, ANZ Restricted Persons and their Associates: must obtain Pre-trade Approval prior to Trading in ANZ Securities"
MQG,MACQUARIE GROUP LIMITED,94975532859,Financial Services,2024-01-02,Macquarie Staff,preclearance_system,"Macquarie's conflicts management systems (PTA), plus business group approval where the business group policy requires it",system,,,yes,not_addressed,yes,express,,,2.1; 2.2; 2.2.3,All pre-clearances are subject to an expiry date and may be withdrawn if new information comes to light or there is a change in circumstances. A denied pre-clearance is final and binding on the Macquarie Staff member who made the request and must be kept confidential.
MQG,MACQUARIE GROUP LIMITED,94975532859,Financial Services,2024-01-02,Key Management Personnel,preclearance_system,"PTA system, plus business group approval; section 2.4 financing disclosures to Macquarie and the Company Secretary",system,,,yes,not_addressed,yes,express,"Company Secretary (immediately, when securities are lent, mortgaged or charged to a financier or a margin demand arises); Macquarie (annual financing disclosure)",immediately for financing events; annually for financing arrangements,2.2; 2.4,"KMP must inform the Company Secretary immediately if the following circumstances apply: the member of KMP holds Macquarie securities that have been lent, mortgaged, or charged to a financier"
WES,WESFARMERS LIMITED,87507592674,Consumer Discretionary Distribution & Retail,2021-04-07,Officers,approval,"Wesfarmers Company Secretary, after confirming with at least two members of the disclosure committee",written,2,,yes,not_addressed,yes,express,Wesfarmers Company Secretary (confirmation that the transaction has occurred plus a copy of the confirmation documentation),unspecified ('following completion of the dealing'),"Annexure B 3, 4, 5","await written advice from the Wesfarmers Company Secretary (which may be given by email) confirming that there is no known reason to preclude the dealing ... in the case of: (i) an on-market dealing, order or otherwise authorise the dealing; and (ii) an off-market dealing, settle the dealing, in Wesfarmers or BWP Trust securities within two clear trading days of receiving confirmation"
WES,WESFARMERS LIMITED,87507592674,Consumer Discretionary Distribution & Retail,2021-04-07,Directors,approval,"Wesfarmers Company Secretary, after confirming with at least two members of the disclosure committee and the Chairman (or the Chairman of the Audit and Risk Committee for the Chairman and the Chairman's Associated Parties)",written,2,,yes,not_addressed,yes,express,"Wesfarmers Company Secretary (confirmation and documentation under Annexure B 3(e), and notification under the director's letter agreement); ASX under the Corporations Act and Listing Rules",unspecified in the policy; statutory and Listing Rule deadlines apply,"Annexure B 3, 5, 8; Annexure A 7(c)","the Chairman, where the dealing involves a Wesfarmers director or their Associated Parties, (or with the Chairman of the Audit and Risk Committee where the Chairman of the Board or the Chairman's Associated Parties are seeking to deal in Wesfarmers or BWP Trust securities)."
WES,WESFARMERS LIMITED,87507592674,Consumer Discretionary Distribution & Retail,2021-04-07,All directors and employees,none,,unspecified,,,not_addressed,not_addressed,not_addressed,not_addressed,,,Policy; Annexure A 5,"It is the responsibility of each director and employee, prior to dealing in securities, to consider carefully whether they possess inside information that may preclude dealing at that time and, if in doubt, should refrain from dealing."
CSL,CSL LIMITED,82521323101,"Pharmaceuticals, Biotechnology & Life Sciences",2023-12-15,Directors,approval,Chair (for directors including the CEO and their Related Parties); CSL Board or the Chair of the Audit and Risk Management Committee (for the Chair and the Chair's Related Parties),system,3,,yes,not_addressed,yes,implied,,,"3.1, 3.2",A request to trade is made through the online employee share registry portal or directly in writing to the relevant approver. Any request for approval to trade may be granted or refused without explanation.
CSL,CSL LIMITED,82521323101,"Pharmaceuticals, Biotechnology & Life Sciences",2023-12-15,Restricted Persons,approval,Company Secretary or their delegate (CEO and Chair for the Company Secretary and their Related Parties),system,3,,yes,not_addressed,yes,implied,,,"2.2, 3.1, 3.2","If approval to deal in CSL Securities is granted, the dealing must be conducted within three ASX trading days of the approval. If the Personnel does not deal in CSL Securities within this time period, the approval is no longer effective and approval must be sought again."
CSL,CSL LIMITED,82521323101,"Pharmaceuticals, Biotechnology & Life Sciences",2023-12-15,Personnel,none,"Company Secretary or their delegate (only for Exceptional Circumstances dealings, hedge exercises caught by a declared Closed Period, and dealings in Other Securities)",system,3,,yes,not_addressed,yes,implied,,,"2.5, 2.7, 3.1, 3.3","Prior approval to deal in CSL Securities either: (a) during an Open Period (for Restricted Persons and their Related Parties); (b) on a short-term basis in exceptional circumstances; or (c) during a Closed Period in exceptional circumstances, must be sought"
RIO,RIO TINTO LIMITED,66001984052,Materials,2020-12-23,PDMRs,approval,Chairman: Senior Independent Director or Chief Executive; non-executive directors and Group Company Secretary: Chairman or Chief Executive; Chief Executive: Chairman; other PDMRs including the CFO: Chief Executive,system,2,,yes,yes,yes,implied,"Group Company Secretary (transaction details, for onward notification to ASX and the UK FCA) and Post Trade Notification via the Dealing Rules portal","immediately after Dealing (12.2); Post Trade Notification within two business days (14.7), or promptly if the person decides not to deal","12.1, 12.2, 14.2 to 14.7","Permanent Restricted Persons and Project Restricted Persons must Deal in Rio Tinto Securities within the period specified in the written clearance to Deal, or in the absence of a period being specified, within two Business Days of the receipt of the clearance to Deal."
RIO,RIO TINTO LIMITED,66001984052,Materials,2020-12-23,Permanent Restricted Persons,approval,Group Company Secretary or a delegate of the Group Company Secretary,system,2,,yes,yes,yes,implied,Post Trade Notification via the Rio Tinto Dealing Rules portal,"within two business days of Dealing, or promptly if the person decides not to deal","9.1, 14.1 to 14.7",The requests for clearance to Deal must be in writing and submitted via the Rio Tinto Dealing Rules portal on the Company intranet.
RIO,RIO TINTO LIMITED,66001984052,Materials,2020-12-23,Project Restricted Persons,approval,Group Company Secretary or a delegate of the Group Company Secretary,system,2,,yes,yes,yes,implied,Post Trade Notification via the Rio Tinto Dealing Rules portal,within two business days of Dealing,"8.1, 14.1 to 14.7","Permanent Restricted Persons and Project Restricted Persons are required to seek clearance prior to any proposed Dealing in Rio Tinto Securities, other than a Dealing excluded by section 10."
RIO,RIO TINTO LIMITED,66001984052,Materials,2020-12-23,Results Restricted Persons,none,Group Company Secretary or delegate (only for exceptional circumstances clearance under section 15),system,2,,yes,yes,yes,implied,Post Trade Notification via the Rio Tinto Dealing Rules portal,within two business days of Dealing,"7.1, 14.3(e), 14.7, 15",Results Restricted Persons are not permitted to Deal in Rio Tinto Securities: (a) during the longer of: (i) the period from the end of the relevant financial period up to the date of publication of the full year or half-year financial results; or (ii) the period of 30 calendar days before the date of such publication
RIO,RIO TINTO LIMITED,66001984052,Materials,2020-12-23,PCAs,approval,The PDMR must seek clearance under section 14 from the PDMR's own approver before any PCA Dealing,system,2,,yes,yes,yes,implied,"Group Company Secretary (transaction details, for onward notification to ASX and the UK FCA)",immediately after Dealing,"13.1, 13.2","seek clearance in accordance with section 14 prior to any proposed Dealing in Rio Tinto Securities by a PCA, other than a Dealing excluded by section 10."
WDS,WOODSIDE ENERGY GROUP LTD,62165974676,Energy,2024-12-11,directors,approval,"Chair of the Board (CEO in the case of the Chair) and the Chair of the Audit & Risk Committee, sought by the Group Company Secretary after consulting the Disclosure Committee or its Chair; approvers who are themselves dealing must delegate",written,7,1,yes,yes,yes,express,Group Company Secretary (sufficient details for ASX notice within 5 business days),"immediately, ideally by close of business on the day the trade is entered into","6.2, 6.4","Any such approval will be valid for 7 days from the date it is given, meaning the relevant dealing can only occur during that period (subject to the other requirements of this Policy) ... A response would normally be expected within 24 hours"
WDS,WOODSIDE ENERGY GROUP LTD,62165974676,Energy,2024-12-11,restricted employees,approval,"Direct manager, then the Group General Counsel for acknowledgement of the Compliance Certificate (acknowledgement may be refused, conditioned or revoked)",written,7,,yes,yes,yes,express,Group General Counsel (confirmation of any dealing),ideally by close of business on the day the trade is entered into,"6.2, 6.4",the relevant dealing can only occur within the 7 days from the date of acknowledgement of the Compliance Certificate by the Group General Counsel
WDS,WOODSIDE ENERGY GROUP LTD,62165974676,Energy,2024-12-11,employees,none,,unspecified,,,not_addressed,not_addressed,not_addressed,not_addressed,,,6.1,you are not required to notify Woodside if you intend to deal in Woodside securities or after you have dealt in such securities.
WDS,WOODSIDE ENERGY GROUP LTD,62165974676,Energy,2024-12-11,family members and controlled entities,approval,"Same process as the relevant director or restricted employee under 6.2, who must take reasonable steps to prevent the trade until acknowledged or approved",written,7,,yes,yes,yes,express,Group Company Secretary (directors) or Group General Counsel (restricted employees),ideally by close of business on the day the trade is entered into,6.3,"Directors and restricted employees should follow the requirements outlined in Section 6.2 if they are aware that their spouse, partner, child or other immediate family member, or trust or other entity controlled by the director or restricted employee ... intends to deal in Woodside securities."
GMG,GOODMAN GROUP,56444108368,Equity Real Estate Investment Trusts (REITs),2021-06-15,team members,approval,Group CEO or Company Secretary,unspecified,10,,yes,not_addressed,yes,express,,,3,"At all times, before trading any Securities you must inform the Group CEO or Company Secretary of your intention to trade and seek their consent. ... Consent lasts 10 business days after which time you must again seek consent to trade."
GMG,GOODMAN GROUP,56444108368,Equity Real Estate Investment Trusts (REITs),2021-06-15,Directors,approval,Chairman (Audit Committee Chair for the Chairman),unspecified,10,,yes,not_addressed,yes,express,,,3,Directors must seek the consent of the Chairman and the Chairman must seek the consent of the Audit Committee Chair.
GMG,GOODMAN GROUP,56444108368,Equity Real Estate Investment Trusts (REITs),2021-06-15,Executives (Group CEO-1),approval,"Group CEO or Company Secretary for ordinary consent; a Committee of the Chairman, Group CEO and Company Secretary for blackout-period exceptional circumstances consent",unspecified,10,,yes,not_addressed,yes,express,,,3; Blackout periods and exceptional circumstances,"Executives (Group CEO-1) must seek the consent of a Committee comprised of the Chairman, Group CEO and Company Secretary."
FMG,FORTESCUE LTD,53604779222,Materials,2015-08-20,Chairman,notification,"Chair of the Audit Committee and the Company Secretary (Notification only, no approval); prior written consent of the Chair of the Audit Committee for a Prohibited Period disposal",written,7,,not_addressed,not_addressed,not_addressed,implied,Company Secretary,unspecified ('subsequently notify'),"11, 24, 25",The Chairman must not deal in Company Securities without first submitting a Notification to the Chair of the Audit Committee and the Company Secretary before commencing the transaction and must trade within seven days of submitting the Notification. The Chairman must subsequently notify the Company Secretary in writing of any trade that has occurred.
FMG,FORTESCUE LTD,53604779222,Materials,2015-08-20,Directors,notification,"Chairman and the Company Secretary (Notification only, no approval); prior written consent of the Chairman for a Prohibited Period disposal",written,7,,not_addressed,not_addressed,not_addressed,implied,Company Secretary,unspecified ('subsequently notify'); Listing Rule 3.19A notice as soon as possible and in time for lodgement within 5 business days,"11, 24, 25, 31, 32",Directors (other than the Chairman) must not deal in Company Securities without first submitting a Notification to the Chairman and the Company Secretary before commencing the transaction and must trade within seven days of submitting the Notification. The director must subsequently notify the Company Secretary in writing of any trade that has occurred.
FMG,FORTESCUE LTD,53604779222,Materials,2015-08-20,Other Designated Persons,notification,"Company Secretary (Notification only, no approval); prior written consent of the Chairman for a Prohibited Period disposal",written,7,,not_addressed,not_addressed,not_addressed,implied,,,"11, 24, 25",Designated Persons other than the Chairman and directors must not deal in Company Securities without first submitting a Notification to the Company Secretary before commencing the transaction and must trade within seven days of the Notification.
FMG,FORTESCUE LTD,53604779222,Materials,2015-08-20,Persons,none,,unspecified,,,not_addressed,not_addressed,not_addressed,not_addressed,,,23,"Persons who possess ""inside information"" must not deal or procure dealing in Company Securities"
TLS,TELSTRA GROUP LIMITED,51574200824,Telecommunication Services,2025-09-24,Telstra Directors,approval,Telstra Chair in consultation with the Telstra CEO,written,2,,yes,yes,yes,implied,,,"13, 14, 28, 29, 31","If a Window Dealing Approval Request is approved, you'll be notified by email. You must undertake your proposed dealing within 2 business days of the date of the approval."
TLS,TELSTRA GROUP LIMITED,51574200824,Telecommunication Services,2025-09-24,Telstra Chair,approval,Chair of the Telstra People & Remuneration Committee in consultation with the Telstra CEO,written,2,,yes,yes,yes,implied,,,"13, 14, 28, 29",you may only deal in Telstra securities during a window period if you've submitted a Window Dealing Approval Request form and it's been approved by the person indicated below
TLS,TELSTRA GROUP LIMITED,51574200824,Telecommunication Services,2025-09-24,Telstra CEO,approval,"Telstra Chair and one of the Chair of the People & Remuneration Committee or the Chair of the Risk & Sustainability Committee, in consultation with the Telstra CFO",written,2,,yes,yes,yes,implied,,,"13, 14, 28, 29",Telstra Chair and one of the Chair of the People & Remuneration Committee or the Chair of the Risk & Sustainability Committee in consultation with the Telstra CFO
TLS,TELSTRA GROUP LIMITED,51574200824,Telecommunication Services,2025-09-24,Band A executives and other direct reports to the CEO,approval,Telstra CEO,written,2,,yes,yes,yes,implied,,,"13, 14, 28, 29","Band A executives (other than the CEO), other direct reports to the CEO (including the CEO's Chief of Staff and Executive Aides) and their Closely Related Parties | Telstra CEO"
TLS,TELSTRA GROUP LIMITED,51574200824,Telecommunication Services,2025-09-24,"Band B executives, direct reports to Band A executives and other specified persons",approval,Telstra Group Company Secretary,written,2,,yes,yes,yes,implied,,,"13, 14, 28, 29","Band B executives (other than those reporting directly to the CEO) ... direct reports to Band A executives ... other persons specified from time to time by the Telstra CEO, Telstra CFO or the Telstra Company Secretary | Telstra Group Company Secretary"
TLS,TELSTRA GROUP LIMITED,51574200824,Telecommunication Services,2025-09-24,Telstra Group Company Secretary,approval,Telstra Chair in consultation with the Telstra CEO,written,2,,yes,yes,yes,implied,,,"13, 14, 28, 29",Telstra Group Company Secretary and his/her Closely Related Parties | Telstra Chair in consultation with the Telstra CEO
TLS,TELSTRA GROUP LIMITED,51574200824,Telecommunication Services,2025-09-24,Other Designated Persons,notification,Telstra Company Secretary (Securities Trading Notification Form),written,,,not_addressed,not_addressed,not_addressed,implied,,,"12, 15","If you're a Designated Person other than those specified in paragraph 13, you must notify the Telstra Company Secretary by completing the Securities Trading Notification Form before you deal in Telstra securities during a window period."
TLS,TELSTRA GROUP LIMITED,51574200824,Telecommunication Services,2025-09-24,Everyone,none,,unspecified,,,not_addressed,not_addressed,not_addressed,not_addressed,,,"1, 2","If you are a Designated Person (described in paragraph 8 below), additional restrictions and obligations apply to you."
WOW,WOOLWORTHS GROUP LIMITED,48045496221,Consumer Staples Distribution & Retail,2021-08-20,Chair of the Board (Chair),approval,"Chair of Audit and Finance Committee (endorsed by CEO, CLO and Company Secretary)",written,5,,not_addressed,yes,not_addressed,express,Company Secretary (with HIN/SRN),as soon as practicable and no more than two days after Trading,"4.3, 4.5, Schedule 1","If approved, clearance to Trade will be confirmed in writing and will be valid for five business days (inclusive of the approval date) unless otherwise stated."
WOW,WOOLWORTHS GROUP LIMITED,48045496221,Consumer Staples Distribution & Retail,2021-08-20,Woolworths Group Directors,approval,"Chair (endorsed by CEO, CLO and Company Secretary)",written,5,,not_addressed,yes,not_addressed,express,Company Secretary (with HIN/SRN),as soon as practicable and no more than two days after Trading,"4.3, 4.5, Schedule 1","notify the Company Secretary as soon as practicable after any Trading in Woolworths Securities occurs and, in any case, no more than two days afterward"
WOW,WOOLWORTHS GROUP LIMITED,48045496221,Consumer Staples Distribution & Retail,2021-08-20,CEO,approval,Chair (endorsed by CLO and Company Secretary),written,5,,not_addressed,yes,not_addressed,express,Company Secretary (with HIN/SRN),as soon as practicable and no more than two days after Trading,"4.3, 4.5, Schedule 1","Any Specified Person, or any Closely Related Party to a Specified Person, who wishes to trade in Woolworths Securities at any time must seek prior approval in writing from the relevant approver in Schedule 1."
WOW,WOOLWORTHS GROUP LIMITED,48045496221,Consumer Staples Distribution & Retail,2021-08-20,Chief Legal Officer (CLO),approval,Chair (endorsed by CEO and Company Secretary),written,5,,not_addressed,yes,not_addressed,express,Company Secretary (with HIN/SRN),as soon as practicable and no more than two days after Trading,"4.3, 4.5, Schedule 1",Chief Legal Officer (CLO) | CEO + Company Secretary | Chair
WOW,WOOLWORTHS GROUP LIMITED,48045496221,Consumer Staples Distribution & Retail,2021-08-20,"Executives, Subsidiary Directors",approval,CEO (endorsed by CLO and Company Secretary),written,5,,not_addressed,yes,not_addressed,express,Company Secretary (with HIN/SRN) for Executives,as soon as practicable and no more than two days after Trading,"4.3, 4.5, Schedule 1","Executives, Subsidiary Directors | CLO + Company Secretary | CEO"
WOW,WOOLWORTHS GROUP LIMITED,48045496221,Consumer Staples Distribution & Retail,2021-08-20,All other Specified Persons,approval,Company Secretary or CLO,written,5,,not_addressed,yes,not_addressed,express,,,"4.3, Schedule 1",All other Specified Persons | N/A | Company Secretary or CLO
WOW,WOOLWORTHS GROUP LIMITED,48045496221,Consumer Staples Distribution & Retail,2021-08-20,Woolworths Team Members,none,,unspecified,,,not_addressed,not_addressed,not_addressed,not_addressed,,,"2.1, 3",Certain aspects of this Policy (outlined in section 4) only apply to Specified Persons and their Closely Related Parties.
RMD,RESMED INC,47875131567,Health Care Equipment & Services,2010-12-23,Specified Persons,approval,Global General Counsel (or Chief Financial Officer in his absence); disagreements referred to the Audit Committee of the Board for final resolution,unspecified,,,not_addressed,yes,not_addressed,express,,,6.1,"A request for pre-approval should be submitted to the Global General Counsel (or CFO in his absence) at least two (2) business days in advance of the proposed transaction. ... Clearance, when given, will be only for the precise period specified."
RMD,RESMED INC,47875131567,Health Care Equipment & Services,2010-12-23,Section 16 Persons,approval,"Global General Counsel (or Chief Financial Officer in his absence), applying additional Section 16(b), Form 4 notice and Rule 144 considerations",unspecified,,,not_addressed,yes,not_addressed,express,Global General Counsel (broker reports quantity and price); SEC Form 4 prepared by the office of the Global General Counsel,broker report promptly on the day of execution; Form 4 filed no later than the second business day after the transaction date; year-end written representation that all transactions were pre-cleared,"6.1, Exhibit B 10.1, 10.3, 10.5",Section 16 Persons are required to instruct their broker who handles trades in ResMed stock to: verify with our Global General Counsel that the proposed trade was pre-cleared by ResMed in advance of entering any trading order for ResMed stock; ... report to our Global General Counsel the quantity and price of any trade promptly on the day of execution of the trade.
RMD,RESMED INC,47875131567,Health Care Equipment & Services,2010-12-23,Employees,none,"Global General Counsel pre-approval required only to implement, amend or terminate a qualified Rule 10b5-1 plan",unspecified,,,not_addressed,not_addressed,not_addressed,not_addressed,,,"5.2, 6.1","Any person who wishes to implement, amend or terminate a qualified Rule 10b5-1 plan must first have the plan (or any amendment or proposal to terminate) pre-approved by the Global General Counsel."
TCL,TRANSURBAN GROUP,43557765415,Transportation,2021-06-29,Directors (including the CEO) and their Related Parties,approval,Chairman,written,5,2,yes,not_addressed,yes,express,"Company Secretary (nature of transaction, name, date, number of Securities and consideration); Transurban notifies ASX within five business days","within two ASX trading days of completion; if no dealing, notify within seven ASX trading days of approval","6.1, 6.2, 6.3, 8","If approval to deal in Transurban Securities is granted, the dealing must be conducted within five ASX trading days of the approval. If the Employee does not deal in Transurban Securities within this time period, the approval will lapse."
TCL,TRANSURBAN GROUP,43557765415,Transportation,2021-06-29,Chairman and their Related Parties,approval,Transurban Board or the Chair of the Audit and Risk Committee,written,5,2,yes,not_addressed,yes,express,"Company Secretary (nature of transaction, name, date, number of Securities and consideration); Transurban notifies ASX within five business days","within two ASX trading days of completion; if no dealing, notify within seven ASX trading days of approval","6.1, 6.2, 6.3, 8",Chairman and their Related Parties | Transurban Board or the Chair of the Audit and Risk Committee
TCL,TRANSURBAN GROUP,43557765415,Transportation,2021-06-29,Company Secretary and their Related Parties,approval,CEO,written,5,2,yes,not_addressed,yes,express,"Company Secretary (nature of transaction, name, date, number of Securities and consideration for executives)","within two ASX trading days of completion; if no dealing, notify within seven ASX trading days of approval","6.1, 6.2, 6.3",Company Secretary and their Related Parties | CEO
TCL,TRANSURBAN GROUP,43557765415,Transportation,2021-06-29,All other Employees,approval,"Company Secretary, who may confer with the CEO as necessary",written,5,2,yes,not_addressed,yes,express,"Company Secretary (nature of transaction including 'hedge', name, date; number and consideration for executives)","within two ASX trading days of completion; if no dealing, notify within seven ASX trading days of approval","5.2, 6.1, 6.2, 6.3",The Employee Dealing Form (Attachment A) may be used for this purpose but an e-mail request (containing the information in Attachment A) is sufficient. A request will generally be answered within 48 hours.
ALL,ARISTOCRAT LEISURE LIMITED,36126622825,Consumer Services,2023-07-31,Non-executive Directors,approval,"Chair of the Board (Chair of the Audit Committee for the Chair of the Board), via the Company Secretary",written,5,,yes,yes,yes,implied,Company Secretary,"promptly, ideally by close of business on the day the trade is entered into",4.3; 4.4; 4.5,"Following receipt of approval to deal, the approved dealing must occur within 5 business days following approval (or such other time specified in the approval), otherwise the approval is no longer effective and fresh approval must be sought."
ALL,ARISTOCRAT LEISURE LIMITED,36126622825,Consumer Services,2023-07-31,Senior Executives,approval,CEO for Executive Steering Committee members and the Company Secretary; Chair of the Board for the CEO; Company Secretary for direct reports to the ESC,written,5,,yes,yes,yes,implied,Company Secretary (CEO only),"promptly, ideally by close of business on the day the trade is entered into (CEO only)",4.3; 4.4; 4.5,A request for approval under sections 4.2 or 4.3 by members of the Executive Steering Committee must be accompanied by a confirmation that the member is in compliance with the Executive Minimum Shareholding Policy.
ALL,ARISTOCRAT LEISURE LIMITED,36126622825,Consumer Services,2023-07-31,Nominated Employees,approval,Company Secretary,written,5,,yes,yes,yes,implied,,,4.3; 4.4,"The Company Secretary will approve requests received from the balance of the Designated Persons, being the Nominated Employees or direct reports to the Executive Steering Committee."
ALL,ARISTOCRAT LEISURE LIMITED,36126622825,Consumer Services,2023-07-31,Employees,none,,unspecified,,,not_addressed,not_addressed,not_addressed,not_addressed,,,3; 4,Certain parts of this Policy apply only to Designated Persons
NST,NORTHERN STAR RESOURCES LTD,33753631919,Materials,2017-11-01,Key Management Personnel,approval,Executive Chairman for non-director KMP; Executive Chairman and Lead Independent Director jointly for Non-Executive Directors; Lead Independent Director for the Executive Chairman; Executive Chairman for the Lead Independent Director. Approving Officer must obtain General Counsel advice.,written,5,,yes,not_addressed,not_addressed,express,"Company Secretary (Directors: details of changes in holdings, directly or indirectly held)","as soon as reasonably possible, to allow ASX notification within 5 business days",7; 12,"Restricted Persons must not trade in Company Securities at any time, including in the exceptional circumstances referred to in Section 6, unless the Restricted Person first emails a Securities Trading Policy Request Form to the Approving Officer, copied to the Company Secretary, and obtains written clearance to trade"
NST,NORTHERN STAR RESOURCES LTD,33753631919,Materials,2017-11-01,Senior Employees,approval,Company Secretary (must obtain General Counsel advice),written,5,,yes,not_addressed,not_addressed,express,,,7,clearance requested by all Restricted Persons excluding the Key Management Personnel - the Company Secretary
NST,NORTHERN STAR RESOURCES LTD,33753631919,Materials,2017-11-01,Key Consultants or Key Contractors,approval,Company Secretary (must obtain General Counsel advice),written,5,,yes,not_addressed,not_addressed,express,,,7,Any written clearance granted under this Policy will be valid for the period of five (5) business days from the time which it is given or such other period as may be determined by the Approving Officer.
QBE,QBE INSURANCE GROUP LIMITED,33585670041,Insurance,2026-08-17,Directors of QBE,approval,"Chair of the QBE Board; for the Chair, the Chair of the QBE Audit Committee (or another Audit Committee member who is not the Chair). Group General Counsel and Company Secretary or Group Company Secretary to be notified.",written,5,,yes,yes,yes,implied,"QBE (initial, ongoing and final disclosure of QBE and related body corporate securities under paragraph 11)",unspecified (as required for ASX Listing Rule notifications),6; 11,"In each circumstance, the duration of the clearance to deal in QBE securities will be five business days from the employees' receipt of the clearance. The Assessor may withdraw the clearance if new information comes to light or there is a change in circumstances."
QBE,QBE INSURANCE GROUP LIMITED,33585670041,Insurance,2026-08-17,Members of the QBE Group Executive Committee,approval,QBE Group CEO (also for the Group General Counsel and Company Secretary); Group General Counsel and Company Secretary or Group Company Secretary to be notified,written,5,,yes,yes,yes,implied,,,6,"The Assessor may, in their discretion, grant or refuse a clearance, without giving any reasons."
QBE,QBE INSURANCE GROUP LIMITED,33585670041,Insurance,2026-08-17,Direct reports of members of the QBE Group Executive Committee,approval,Their direct manager (Group CEO via the Group General Counsel and Company Secretary for a Closed Period waiver),written,5,,yes,yes,yes,implied,,,5; 6,"Where a clearance is refused, it is final and binding on the Relevant Person and the Relevant Person must keep all information relating to the clearance confidential."
QBE,QBE INSURANCE GROUP LIMITED,33585670041,Insurance,2026-08-17,Directors of the divisional statutory Boards,approval,"Chair of their divisional statutory Board (or another Board member in their absence); for a divisional Chair, the Chair of the divisional Board Audit Committee; divisional General Counsels and Company Secretaries and Closed Period waivers go to the Group CEO via the Group General Counsel and Company Secretary",written,5,,yes,yes,yes,implied,,,5; 6,"If a Relevant Person or their Closely Related Parties listed in column A below intends to deal in QBE securities during any period (regardless of whether or not it is a Closed Period), the Relevant Person must seek clearance of the proposed dealing from the person(s) listed in column B below (Assessor)"
QBE,QBE INSURANCE GROUP LIMITED,33585670041,Insurance,2026-08-17,Members of QBE Executive Management Board,approval,Their divisional CEO (Group CEO via the Group General Counsel and Company Secretary for a Closed Period waiver),written,5,,yes,yes,yes,implied,,,5; 6,Members of QBE Executive Management Board (or equivalent) (excluding the divisional CEO) - Their divisional CEO
QBE,QBE INSURANCE GROUP LIMITED,33585670041,Insurance,2026-08-17,Any other Relevant Person,none,None outside a Closed Period; Group CEO via the Group General Counsel and Company Secretary for a Closed Period or short-term dealing waiver,written,5,,yes,yes,yes,implied,,,5,Any other Relevant Person - The QBE Group CEO via the QBE Group General Counsel and Company Secretary
COL,COLES GROUP LIMITED.,31805637156,Consumer Staples Distribution & Retail,2023-06-19,directors,approval,"Company Secretary or delegate, who must confirm the clearance with at least two members of the Disclosure Committee and with the Chairman of the Board (Chair of the Audit and Risk Committee for the Chairman); blackout-period exceptional circumstances approvals by the Chairman (or ARC Chair)",written,2,,yes,yes,yes,implied,Company Secretary,"promptly, ideally by close of business on the day of the trade",5.2; 5.3; 5.4; 5.5,"the Chairman of the Board, where the dealing involves a Company director or their Connected Persons, (or with the Chair of the Audit and Risk Committee where the Chairman of the Board or his/her Connected Persons are seeking to deal in the Company's securities)."
COL,COLES GROUP LIMITED.,31805637156,Consumer Staples Distribution & Retail,2023-06-19,Restricted Persons,approval,"Company Secretary or delegate, who must confirm the clearance with at least two members of the Disclosure Committee; blackout-period exceptional circumstances approvals by the Chairman of the Board",written,2,,yes,yes,yes,implied,Company Secretary,"promptly, ideally by close of business on the day of the trade",5.2; 5.3; 5.4; 5.5,"following receipt of approval to deal, the approved dealing must occur within two clear trading days following approval under section 5.3(c)"
COL,COLES GROUP LIMITED.,31805637156,Consumer Staples Distribution & Retail,2023-06-19,directors and team members,none,,unspecified,,,not_addressed,not_addressed,not_addressed,not_addressed,,,4.1; 5,Additional trading restrictions (set out in section 5 below) apply to: directors of the Company ... members of the Executive Leadership Team ... other executives ... nominated team members
SIG,SIGMA HEALTHCARE LIMITED,31283434686,Health Care Equipment & Services,2020-12-10,Directors,approval,"Chairman (or CEO where the Chairman is unavailable), obtained via the Company Secretary on the Schedule 1 form; the Chairman must first inform and obtain written clearance from the CEO for the Chairman's own dealings. Not delegable.",written,2,,yes,not_addressed,yes,implied,Company (per Director engagement terms for Listing Rule 3.19A and s205G),per engagement terms (Listing Rule 3.19A: 5 business days),14; 15,"In the case of clearance required in respect of the Chairman, the Chairman must first inform and obtain written clearance from the CEO."
SIG,SIGMA HEALTHCARE LIMITED,31283434686,Health Care Equipment & Services,2020-12-10,Executive Leadership Team Members,approval,"Chairman (or CEO where the Chairman is unavailable), via the Company Secretary on the Schedule 1 form. Not delegable.",written,2,,yes,not_addressed,yes,implied,Company Secretary (CEO for the Company Secretary): written confirmation of details of any dealing by the Specified Person or their Associates,within three business days after the dealing is completed,14; 15,A clearance to undertake the proposed dealing will be valid for two business days (but completion of the proposed dealing must not occur during a blackout period and must otherwise comply with the requirements of this policy).
SIG,SIGMA HEALTHCARE LIMITED,31283434686,Health Care Equipment & Services,2020-12-10,Specified Persons,approval,Chairman (or CEO where unavailable) via the Company Secretary; for Specified Persons who are not Directors or ELT Members the Chairman may delegate the decision to the CEO or Company Secretary (Chairman or CEO decide for the Company Secretary's own trades). Registry system clearance applies to Employee Incentive Plan trades and off-market issuer-sponsored transfers are blocked without clearance.,written,2,,yes,not_addressed,yes,implied,Company Secretary (CEO for the Company Secretary),within three business days after the dealing is completed,14; 15; 18,The Chairman may choose to delegate the decision to grant a clearance to trade to a Specified Person who is not a Director or an Executive Leadership Team Member to the CEO or the Company Secretary
SIG,SIGMA HEALTHCARE LIMITED,31283434686,Health Care Equipment & Services,2020-12-10,Team Members,none,,unspecified,,,not_addressed,not_addressed,not_addressed,not_addressed,,,13; 14,If your role makes you a Specified Person then additional restrictions apply to you and your Associates: Only deal in shares issued by Sigma when cleared to do so
EVN,EVOLUTION MINING LIMITED,30502549053,Materials,2015-04-07,Directors and Senior Executives,approval,Company Secretary (Executive Chairman if the Company Secretary is seeking permission),written,5,2,yes,yes,yes,implied,Company Secretary (Directors only: information to enable Listing Rule 3.19A/3.19B and Appendix 3Y disclosure; Company Secretary notifies the Board of all Director trades),unspecified (Company Secretary reports to ASX and Board 'as soon as reasonably practicable'),4; 5; 7; Annexure A,"Directors, Senior Executives and designated employees who are given clearance to deal must do so no later than five business days from clearance being received. ... The Company Secretary must give a copy of the response and clearance (if any) to the Director, Senior Executive, employee insider or designated employee requesting clearance within two business days of the initial clearance request."
EVN,EVOLUTION MINING LIMITED,30502549053,Materials,2015-04-07,designated employees,approval,Company Secretary,written,5,2,yes,yes,yes,implied,,,4; 5; Annexure A,"Directors, Senior Executives and designated employees must complete a Securities Trading Clearance Request Form to request clearance to deal in Evolution securities and forward to the Company Secretary."
EVN,EVOLUTION MINING LIMITED,30502549053,Materials,2015-04-07,employee insiders,approval,Company Secretary,written,5,2,yes,yes,yes,implied,,,3; 5; Annexure A,An employee insider must complete a Securities Trading Clearance Request Form to request clearance to deal in Evolution securities and forward to the Company Secretary for approval prior to executing any deal.
EVN,EVOLUTION MINING LIMITED,30502549053,Materials,2015-04-07,personnel,none,,unspecified,,,not_addressed,not_addressed,not_addressed,not_addressed,,,1; 2,"It is recommended that if you are unsure of the application of this Policy, you should consult the Company Secretary to clarify specific circumstances before trading is undertaken."
BXB,BRAMBLES LIMITED,25914862138,Commercial & Professional Services,2017-07-03,Directors,approval,Brambles Chairman (or Deputy Chairman or Chief Executive Officer where the Chairman is not available); also for former Executive Directors still employed and the Company Secretary,written,2,,yes,not_addressed,yes,implied,Company Secretary (any change in interests of the Director or connected persons),within two business days after the change in interests,3.1; 4.1,the Designated Person may ordinarily Deal within two business days after receiving the approval. The Designated Person will be notified if the clearance position changes within those two business days.
BXB,BRAMBLES LIMITED,25914862138,Commercial & Professional Services,2017-07-03,Chairman,approval,Deputy Chairman or Chief Executive Officer,written,2,,yes,not_addressed,yes,implied,Company Secretary (any change in interests),within two business days after the change in interests,3.1; 4.1,"the Deputy Chairman or Chief Executive Officer, in the case of approvals for the Chairman"
BXB,BRAMBLES LIMITED,25914862138,Commercial & Professional Services,2017-07-03,Other employees,approval,"Company Secretary, who first seeks approval from the Chairman or another Director",written,2,,yes,not_addressed,yes,implied,Company Secretary (any Dealing),within five business days of effecting the Dealing,3.1; 4.1,"the Company Secretary, in the case of approvals for any other employee. Before granting approval, the Company Secretary will seek approval from the Chairman or another Director."
FPH,FISHER & PAYKEL HEALTHCARE CORPORATION LIMITED,21470861835,Health Care Equipment & Services,2013-08-29,Restricted Persons,approval,"Any two directors of the company, or a director and the Chief Financial Officer ('Approvers'), after written notification to the Chief Financial Officer",written,15,,yes,not_addressed,not_addressed,implied,Chief Financial Officer,promptly following completion of any dealing,Requirements before dealing; Requirements after dealing,A consent is only valid for a period of 15 trading days after notification. A consent is automatically deemed to be withdrawn if the person becomes aware of material information prior to dealing.
FPH,FISHER & PAYKEL HEALTHCARE CORPORATION LIMITED,21470861835,Health Care Equipment & Services,2013-08-29,"Directors, officers and employees",none,,unspecified,,,not_addressed,not_addressed,not_addressed,not_addressed,,,Introduction and purpose,"further more specific and stringent rules also apply to trading in FPHC's securities, by Directors and certain employees"
ORG,ORIGIN ENERGY LIMITED,20156147751,Utilities,2025-03-11,Directors,approval,Chairman and the Company Secretary,written,2,,not_addressed,yes,yes,implied,Company Secretary (confirmation of price and quantity),unspecified ('Following a Dealing'),4,"Any transaction should be completed within 2 business days of receiving clearance and must be consistent with the terms of that clearance. Following a Dealing of Securities by a Director, confirmation of price and quantity must be provided to the Company Secretary"
ORG,ORIGIN ENERGY LIMITED,20156147751,Utilities,2025-03-11,ELT & ELT Direct Reports,approval,Manager and the Company Secretary,written,2,,not_addressed,yes,yes,implied,,,4,you must comply with the prior written clearance requirement set out below before you can Deal.
ORG,ORIGIN ENERGY LIMITED,20156147751,Utilities,2025-03-11,All other employees,approval,Manager,written,2,,not_addressed,yes,yes,implied,,,4,you must comply with the prior written clearance requirement set out below before you can Deal.
