symbol,company,market_cap,industry,lodged,kind,applies_to,start_anchor,end_anchor,duration_days
BHP,BHP GROUP LIMITED,339826752284,Materials,2024-10-01,closed,Persons on insider lists | Participants in BHP's employee incentive plans | Restricted Persons | PDMRs | PCAs,end of BHP's financial year,publication of BHP's full year results announcement,
BHP,BHP GROUP LIMITED,339826752284,Materials,2024-10-01,closed,Persons on insider lists | Participants in BHP's employee incentive plans | Restricted Persons | PDMRs | PCAs,end of BHP's half year,publication of BHP's half year results,
BHP,BHP GROUP LIMITED,339826752284,Materials,2024-10-01,closed,Persons on insider lists | Restricted Persons | PDMRs | PCAs,30 days prior to the announcement of BHP's full year results (and 30 days prior to publication of half year results),announcement/publication of the results,30
CBA,COMMONWEALTH BANK OF AUSTRALIA.,266331534276,Banks,2024-09-30,open,Specified Persons,the day after the Group's full year results are released to the ASX,30 days later (market close on the last day),30
CBA,COMMONWEALTH BANK OF AUSTRALIA.,266331534276,Banks,2024-09-30,open,Specified Persons,the day after the Group's half year results are released to the ASX,30 days later (market close on the last day),30
CBA,COMMONWEALTH BANK OF AUSTRALIA.,266331534276,Banks,2024-09-30,open,Specified Persons,the day after the Group's May trading update is released to the ASX,14 days later (market close on the last day),14
CBA,COMMONWEALTH BANK OF AUSTRALIA.,266331534276,Banks,2024-09-30,open,Specified Persons,the day after the Group's November trading update is released to the ASX,14 days later (market close on the last day),14
CBA,COMMONWEALTH BANK OF AUSTRALIA.,266331534276,Banks,2024-09-30,open,Specified Persons,"any one-off period determined by the CBA Board, such as for new Securities issuances",as determined by the CBA Board,
CBA,COMMONWEALTH BANK OF AUSTRALIA.,266331534276,Banks,2024-09-30,closed,Specified Persons,close of a Trading Window,opening of the next Trading Window (all other periods are closed periods),
NAB,NATIONAL AUSTRALIA BANK LIMITED,120018938963,Banks,2021-11-05,closed,all,12.01am AEDT on 16 March,10.00am AEST on the ASX trading day after the day NAB's half-year results are released to the ASX,
NAB,NATIONAL AUSTRALIA BANK LIMITED,120018938963,Banks,2021-11-05,closed,all,12.01am AEST on 16 September,10.00am AEST on the ASX trading day after the day NAB's full-year results are released,
WBC,WESTPAC BANKING CORPORATION,117521621560,Banks,2021-02-05,closed,Prescribed Employees | Key Prescribed Employees | Group Executives | Westpac Directors,15 March,beginning of trading in Sydney one day following the announcement of Westpac's half year results in early May,
WBC,WESTPAC BANKING CORPORATION,117521621560,Banks,2021-02-05,closed,Prescribed Employees | Key Prescribed Employees | Group Executives | Westpac Directors,15 September,beginning of trading in Sydney one day following the announcement of Westpac's full year results in early November,
ANZ,ANZ GROUP HOLDINGS LIMITED,112614448954,Banks,2026-08-05,closed,ANZ Restricted Persons,two months prior to the announcement of ANZ's half year financial results,one trading day after the market announcement of the half year results,
ANZ,ANZ GROUP HOLDINGS LIMITED,112614448954,Banks,2026-08-05,closed,ANZ Restricted Persons,two months prior to the announcement of ANZ's full year financial results,one trading day after the market announcement of the full year results,
ANZ,ANZ GROUP HOLDINGS LIMITED,112614448954,Banks,2026-08-05,closed,ANZ Restricted Persons,two weeks prior to any periodic ANZ market trading update,one trading day after the market announcement of the trading update,
MQG,MACQUARIE GROUP LIMITED,94975532859,Financial Services,2024-01-02,open,all,release of Macquarie's interim results (November/December),"up to five weeks after release, at Macquarie's discretion",
MQG,MACQUARIE GROUP LIMITED,94975532859,Financial Services,2024-01-02,open,all,release of Macquarie's final results (May/June),"up to five weeks after release, at Macquarie's discretion",
MQG,MACQUARIE GROUP LIMITED,94975532859,Financial Services,2024-01-02,open,all,Annual General Meeting (July/August),"up to five weeks after the AGM, at Macquarie's discretion",
MQG,MACQUARIE GROUP LIMITED,94975532859,Financial Services,2024-01-02,open,all,"other specific periods where Macquarie has publicly released all relevant price-sensitive information, at Macquarie's discretion",as determined by Macquarie,
WES,WESFARMERS LIMITED,87507592674,Consumer Discretionary Distribution & Retail,2021-04-07,closed,Officers | Associated Parties,20 June,one trading day following the announcement of the full-year results in August (close of trading on the following trading day if results are released during or after trading),
WES,WESFARMERS LIMITED,87507592674,Consumer Discretionary Distribution & Retail,2021-04-07,closed,Officers | Associated Parties,20 December,one trading day following the announcement of the half-year results in February (close of trading on the following trading day if results are released during or after trading),
CSL,CSL LIMITED,82521323101,"Pharmaceuticals, Biotechnology & Life Sciences",2023-12-15,closed,all,end of the relevant financial year,start of the trading day following the release of the Full Year Results to ASX,
CSL,CSL LIMITED,82521323101,"Pharmaceuticals, Biotechnology & Life Sciences",2023-12-15,closed,all,end of the relevant half year,start of the trading day following the release of the Half Year Results to ASX,
CSL,CSL LIMITED,82521323101,"Pharmaceuticals, Biotechnology & Life Sciences",2023-12-15,closed,all,14 days before release of AGM materials to ASX,start of the trading day following the release of the AGM materials,
CSL,CSL LIMITED,82521323101,"Pharmaceuticals, Biotechnology & Life Sciences",2023-12-15,open,all,any time other than a Closed Period,commencement of the next Closed Period,
RIO,RIO TINTO LIMITED,66001984052,Materials,2020-12-23,closed,Results Restricted Persons | PDMRs | PCAs,the earlier of the end of the financial year and 30 calendar days before publication of the full-year results (whichever gives the longer period),date of publication of the full-year financial results,
RIO,RIO TINTO LIMITED,66001984052,Materials,2020-12-23,closed,Results Restricted Persons | PDMRs | PCAs,the earlier of the end of the half year and 30 calendar days before publication of the half-year results (whichever gives the longer period),date of publication of the half-year financial results,
WDS,WOODSIDE ENERGY GROUP LTD,62165974676,Energy,2024-12-11,closed,directors | restricted employees,end of Woodside's financial year (31 December),the day following the announcement or public disclosure of Woodside's full year results,
WDS,WOODSIDE ENERGY GROUP LTD,62165974676,Energy,2024-12-11,closed,directors | restricted employees,end of Woodside's half year (30 June),the day following the announcement or public disclosure of Woodside's half year results,
GMG,GOODMAN GROUP,56444108368,Equity Real Estate Investment Trusts (REITs),2021-06-15,closed,all,full year end (30 June),the day after the release of the full year results,
GMG,GOODMAN GROUP,56444108368,Equity Real Estate Investment Trusts (REITs),2021-06-15,closed,all,half year end (31 December),the day after the release of the half year results,
GMG,GOODMAN GROUP,56444108368,Equity Real Estate Investment Trusts (REITs),2021-06-15,closed,all,one week before the release of a quarterly update,the day after the release of the quarterly update,
FMG,FORTESCUE LTD,53604779222,Materials,2015-08-20,closed,Designated Persons,end of the financial year (30 June),business day after the time of release of the annual results,
FMG,FORTESCUE LTD,53604779222,Materials,2015-08-20,closed,Designated Persons,end of the half financial year (31 December),business day after the time of release of the half year results,
FMG,FORTESCUE LTD,53604779222,Materials,2015-08-20,closed,Designated Persons,end of the September quarter (30 September),business day after the time of release of the September quarterly report,
FMG,FORTESCUE LTD,53604779222,Materials,2015-08-20,closed,Designated Persons,end of the March quarter (31 March),business day after the time of release of the March quarterly report,
FMG,FORTESCUE LTD,53604779222,Materials,2015-08-20,open,Designated Persons,"recommended only: business day after the AGM or other shareholder meeting, release of half-year results, full-year results, a quarterly report, a prospectus or other disclosure document, or release of any other price-sensitive information","4 weeks after the relevant event, provided it is not a Prohibited Period",28
TLS,TELSTRA GROUP LIMITED,51574200824,Telecommunication Services,2025-09-24,open,Designated Persons,10am (Sydney time) on the day following Telstra's half yearly results ASX release,4pm (Sydney time) 4 weeks after the start date,28
TLS,TELSTRA GROUP LIMITED,51574200824,Telecommunication Services,2025-09-24,open,Designated Persons,10am (Sydney time) on the day following Telstra's full year results ASX release,4pm (Sydney time) 4 weeks after the start date,28
TLS,TELSTRA GROUP LIMITED,51574200824,Telecommunication Services,2025-09-24,open,Designated Persons,10am (Sydney time) on the day following Telstra's Annual General Meeting,4pm (Sydney time) 4 weeks after the start date,28
TLS,TELSTRA GROUP LIMITED,51574200824,Telecommunication Services,2025-09-24,closed,Designated Persons,any period that is not a window period (blackout periods),start of the next window period or other time the Telstra Board permits,
WOW,WOOLWORTHS GROUP LIMITED,48045496221,Consumer Staples Distribution & Retail,2021-08-20,closed,Specified Persons,market close on 20 December,before market open on the business day following release to ASX of the Half Year financial results,
WOW,WOOLWORTHS GROUP LIMITED,48045496221,Consumer Staples Distribution & Retail,2021-08-20,closed,Specified Persons,market close on 20 June,before market open on the business day following release to ASX of the Full Year financial results,
WOW,WOOLWORTHS GROUP LIMITED,48045496221,Consumer Staples Distribution & Retail,2021-08-20,closed,Specified Persons,market close on 20 September,before market open on the business day following the later of the Quarter 1 sales results release and the Annual General Meeting,
WOW,WOOLWORTHS GROUP LIMITED,48045496221,Consumer Staples Distribution & Retail,2021-08-20,closed,Specified Persons,market close on 20 March,before market open on the business day following release to ASX of the Quarter 3 sales results,
RMD,RESMED INC,47875131567,Health Care Equipment & Services,2010-12-23,open,all,one (1) full trading day following the date of public disclosure of the financial results for the prior fiscal quarter or year,the later of (i) the last day of the three (3) calendar week period following the opening of the trading window or (ii) the last day of the second month of the fiscal quarter,
RMD,RESMED INC,47875131567,Health Care Equipment & Services,2010-12-23,closed,all,day after the trading window closes,one full trading day after public disclosure of the next quarterly or annual financial results,
TCL,TRANSURBAN GROUP,43557765415,Transportation,2021-06-29,closed,all,1 July,close of ASX trading on the next ASX trading day after the release of Transurban's full year results,
TCL,TRANSURBAN GROUP,43557765415,Transportation,2021-06-29,closed,all,1 January,close of ASX trading on the next ASX trading day after the release of Transurban's half year results,
TCL,TRANSURBAN GROUP,43557765415,Transportation,2021-06-29,open,all,end of a Closed Period,start of the next Closed Period (Open Periods are those periods that are not Closed Periods),
ALL,ARISTOCRAT LEISURE LIMITED,36126622825,Consumer Services,2023-07-31,closed,Designated Persons,close of trading on the ASX on 30 September,the day after the announcement to ASX of the full-year results,
ALL,ARISTOCRAT LEISURE LIMITED,36126622825,Consumer Services,2023-07-31,closed,Designated Persons,close of trading on the ASX on 31 March,the day after the announcement to ASX of the half-year results,
ALL,ARISTOCRAT LEISURE LIMITED,36126622825,Consumer Services,2023-07-31,closed,Designated Persons,21 calendar days before the Annual General Meeting,the date of the Annual General Meeting (inclusive),21
ALL,ARISTOCRAT LEISURE LIMITED,36126622825,Consumer Services,2023-07-31,open,Designated Persons,the day after release of full-year results,4 weeks later,28
ALL,ARISTOCRAT LEISURE LIMITED,36126622825,Consumer Services,2023-07-31,open,Designated Persons,the day after release of half-year results,4 weeks later,28
NST,NORTHERN STAR RESOURCES LTD,33753631919,Materials,2017-11-01,closed,Restricted Persons,close of business on the last day of the half-year period,the next trading day that is at least one full trading day after the release of the Company's half-year financial accounts,
NST,NORTHERN STAR RESOURCES LTD,33753631919,Materials,2017-11-01,closed,Restricted Persons,close of business on the last day of the full year period,the next trading day that is at least one full trading day after the release of the Company's annual financial accounts,
NST,NORTHERN STAR RESOURCES LTD,33753631919,Materials,2017-11-01,closed,Restricted Persons,close of business on the last day of the March and September financial quarters,the next trading day that is at least one full trading day after the release of the Company's quarterly reports for those quarters,
QBE,QBE INSURANCE GROUP LIMITED,33585670041,Insurance,2026-08-17,closed,all,9.00am (Sydney time) on the date one week before QBE's annual balance date (preceding trading day if not a trading day),5.00pm (Sydney time) on the day QBE's full results are released to ASX,
QBE,QBE INSURANCE GROUP LIMITED,33585670041,Insurance,2026-08-17,closed,all,9.00am (Sydney time) on the date one week before QBE's half-yearly balance date (preceding trading day if not a trading day),5.00pm (Sydney time) on the day QBE's half-yearly results are released to ASX,
COL,COLES GROUP LIMITED.,31805637156,Consumer Staples Distribution & Retail,2023-06-19,closed,Restricted Persons,20 June,one trading day following the announcement of the full-year results,
COL,COLES GROUP LIMITED.,31805637156,Consumer Staples Distribution & Retail,2023-06-19,closed,Restricted Persons,20 December,one trading day following the announcement of the half-year results,
COL,COLES GROUP LIMITED.,31805637156,Consumer Staples Distribution & Retail,2023-06-19,closed,Restricted Persons,1 April,one trading day following the release of quarterly retail sales results,
COL,COLES GROUP LIMITED.,31805637156,Consumer Staples Distribution & Retail,2023-06-19,closed,Restricted Persons,1 October,one trading day following the release of quarterly retail sales results,
SIG,SIGMA HEALTHCARE LIMITED,31283434686,Health Care Equipment & Services,2020-12-10,closed,all,end of Sigma's half-year period (31 July),close of business on the day after Sigma releases its half year results announcement to the ASX,
SIG,SIGMA HEALTHCARE LIMITED,31283434686,Health Care Equipment & Services,2020-12-10,closed,all,end of Sigma's full year period (31 January),close of business on the day after Sigma releases its full year results announcement to the ASX,
SIG,SIGMA HEALTHCARE LIMITED,31283434686,Health Care Equipment & Services,2020-12-10,closed,all,21 days immediately preceding the Annual General Meeting,the Annual General Meeting,21
EVN,EVOLUTION MINING LIMITED,30502549053,Materials,2015-04-07,open,Directors and Senior Executives | designated employees,release of the Company's half yearly results,thirty days after release of the half yearly results,30
EVN,EVOLUTION MINING LIMITED,30502549053,Materials,2015-04-07,open,Directors and Senior Executives | designated employees,release of the Company's preliminary financial report (when applicable),thirty days after release of the preliminary financial report,30
EVN,EVOLUTION MINING LIMITED,30502549053,Materials,2015-04-07,open,Directors and Senior Executives | designated employees,release of the Company's annual report,fifteen days after release of the annual report,15
EVN,EVOLUTION MINING LIMITED,30502549053,Materials,2015-04-07,open,Directors and Senior Executives | designated employees,Annual General Meeting or any other general meeting of shareholders,fifteen days after the meeting,15
EVN,EVOLUTION MINING LIMITED,30502549053,Materials,2015-04-07,open,Directors and Senior Executives | designated employees,first trading day after release to ASX of a Prospectus for any new securities or debt issue,closing date of applications,
EVN,EVOLUTION MINING LIMITED,30502549053,Materials,2015-04-07,open,Directors and Senior Executives | designated employees,one day after the release of a Cleansing Statement in accordance with the Corporations Act,one day after the release of a Cleansing Statement,1
EVN,EVOLUTION MINING LIMITED,30502549053,Materials,2015-04-07,open,Directors and Senior Executives | designated employees,release of the Company's quarterly reports,fifteen days following release of the quarterly report,15
EVN,EVOLUTION MINING LIMITED,30502549053,Materials,2015-04-07,closed,Directors and Senior Executives | designated employees,end of each trading window (all periods outside the trading windows are closed periods),start of the next trading window,
BXB,BRAMBLES LIMITED,25914862138,Commercial & Professional Services,2017-07-03,closed,all,24 December (seventh day before the end of the half-year reporting period),first day after the preliminary announcement of the half-year results (around mid February),
BXB,BRAMBLES LIMITED,25914862138,Commercial & Professional Services,2017-07-03,closed,all,23 June (seventh day before the end of the financial year),first day after the preliminary announcement of the full-year results (around mid August),
FPH,FISHER & PAYKEL HEALTHCARE CORPORATION LIMITED,21470861835,Health Care Equipment & Services,2013-08-29,closed,Restricted Persons,30 September,first trading day after the half-year results are released to NZSX,
FPH,FISHER & PAYKEL HEALTHCARE CORPORATION LIMITED,21470861835,Health Care Equipment & Services,2013-08-29,closed,Restricted Persons,30 days prior to FPHC's year-end balance date,first trading day after the full-year results are released to NZSX,
FPH,FISHER & PAYKEL HEALTHCARE CORPORATION LIMITED,21470861835,Health Care Equipment & Services,2013-08-29,closed,Restricted Persons,30 days prior to release of a prospectus for a general public offer of the same class of Restricted Securities,release of the prospectus (not stated),30
ORG,ORIGIN ENERGY LIMITED,20156147751,Utilities,2025-03-11,closed,all,1 July,second trading day after the announcement of Origin's results for the financial year ended 30 June,
ORG,ORIGIN ENERGY LIMITED,20156147751,Utilities,2025-03-11,closed,all,1 January,second trading day after the announcement of Origin's results for the half financial year ended 31 December,
