symbol,company,market_cap,industry,lodged,topic,tier,security_state,venue,answer,mechanism,floor,section,detail,evidence
BHP,BHP GROUP LIMITED,339826752284,Materials,2024-10-01,derivatives,PDMRs,any,exchange,prohibited,express,,4 (Additional restrictions on PDMRs),"Absolute ban on put options, call options or other derivative securities dealt on an exchange or in any other organised market, regardless of the state of the underlying shares.","where the dealing involves transactions in put options, call options or other derivative securities, on an exchange or in any other organised market"
BHP,BHP GROUP LIMITED,339826752284,Materials,2024-10-01,derivatives,PDMRs,vested_unrestricted,otc,permitted_with_clearance,via_dealing_definition,,3 (Dealing in securities); 4; 5,"The express derivatives ban is venue-limited to exchanges and organised markets. A bilateral OTC put and call with a bank falls outside it but is a dealing (contract to secure a profit or avoid a loss by reference to price fluctuations; grant/acceptance of an option; 'securities' includes financial products whether quoted or not), so it requires clearance from the Group Company Secretary, cannot occur in a Closed Period, and must not have a maturity of one year or less. Substance over form applies.","entry into a contract to secure a profit or avoid a loss by reference to price fluctuations; the grant, acceptance, acquisition, disposal, exercise or discharge of any option"
BHP,BHP GROUP LIMITED,339826752284,Materials,2024-10-01,derivatives,PDMRs,unvested,otc,prohibited,express,,4 (Additional restrictions on PDMRs),"Any derivative that uses unvested securities as collateral is caught by the PDMR collateral ban, which expressly includes hedging.","where the dealing involves using unvested BHP securities as collateral in any financial transaction, including hedging and margin loan arrangements"
BHP,BHP GROUP LIMITED,339826752284,Materials,2024-10-01,derivatives,Restricted Persons,any,any,permitted_with_clearance,via_dealing_definition,,3; 4 (Restricted Persons); 5,No express derivatives rule for Restricted Persons or persons on insider lists; options and price-referenced contracts are dealings requiring clearance and barred in Closed Periods.,must request clearance before dealing in BHP securities from the Group Company Secretary in BHP securities by submitting a Securities Dealing Clearance Request Form
BHP,BHP GROUP LIMITED,339826752284,Materials,2024-10-01,derivatives,"BHP directors, employees and contractors",any,any,permitted,via_dealing_definition,,3,"For staff outside the restricted tiers, derivatives are dealings subject only to the insider trading prohibition and the reputational guiding principle.",Dealing includes any transaction or change affecting title to or interest in securities
BHP,BHP GROUP LIMITED,339826752284,Materials,2024-10-01,hedging,Participants in BHP's employee incentive plans,unvested,any,prohibited,express,,4 (Participants in BHP's employee incentive plans),"Absolute, at-any-time ban on any transaction that operates or is intended to operate to limit exposure to the risk of holding unvested plan securities.",Participants must not at any time enter into a transaction that operates or is intended to operate to limit participants' exposure to the risk of holding unvested BHP securities granted under a BHP employee incentive plan
BHP,BHP GROUP LIMITED,339826752284,Materials,2024-10-01,hedging,Participants in BHP's employee incentive plans,vested_locked,any,prohibited,express,,4 (Participants in BHP's employee incentive plans),The hedging ban extends to vested securities that remain subject to holding locks or similar restrictions.,or vested BHP securities that are subject to holding locks or similar restrictions.
BHP,BHP GROUP LIMITED,339826752284,Materials,2024-10-01,hedging,PDMRs,unvested,any,prohibited,express,,4 (Additional restrictions on PDMRs),"PDMRs may not use unvested securities as collateral in any financial transaction, expressly including hedging.","where the dealing involves using unvested BHP securities as collateral in any financial transaction, including hedging and margin loan arrangements"
BHP,BHP GROUP LIMITED,339826752284,Materials,2024-10-01,hedging,PDMRs,vested_unrestricted,otc,permitted_with_clearance,via_dealing_definition,,3; 4; 5,"Hedging of vested, unrestricted shares is not expressly banned for PDMRs. It is a dealing requiring clearance, outside Closed Periods, not via exchange-traded derivatives, and not with a maturity of one year or less. Clearance is discretionary and will be refused where the dealing could be perceived as taking advantage of position.","Where clearance is required for a dealing under this policy, clearance will not be granted where the dealing would not satisfy the considerations above."
BHP,BHP GROUP LIMITED,339826752284,Materials,2024-10-01,hedging,"BHP directors, employees and contractors",vested_unrestricted,any,permitted,via_dealing_definition,,3,"For non-plan-participant, non-restricted staff, hedging vested unrestricted shares is not named; it is a dealing subject only to the insider trading prohibition.",entry into a contract to secure a profit or avoid a loss by reference to price fluctuations
BHP,BHP GROUP LIMITED,339826752284,Materials,2024-10-01,monetisation,PDMRs,vested_unrestricted,any,permitted_with_clearance,via_dealing_definition,,3; 5,"Monetisation is not named. A prepaid forward or similar is an agreement to dispose, a price-referenced contract and (if funded) a secured financing arrangement, all of which are dealings requiring clearance and post-trade notification. Structures with a maturity of one year or less are short-term dealings and prohibited.","any application for, acquisition or disposal of, or agreement to apply for, acquire or dispose of securities"
BHP,BHP GROUP LIMITED,339826752284,Materials,2024-10-01,monetisation,Restricted Persons,any,any,permitted_with_clearance,via_dealing_definition,,3; 5,"Same dealing-definition analysis; clearance required, no short-term or derivatives restrictions beyond Closed Periods.","any other right or obligation, present or future, conditional or unconditional, to acquire or dispose of securities"
BHP,BHP GROUP LIMITED,339826752284,Materials,2024-10-01,short_selling,PDMRs,any,any,prohibited,express,,4 (Additional restrictions on PDMRs),"Express ban on short selling, defined as borrowing and selling in the hope of buying back lower.",where the dealing involves short selling BHP securities (i.e. the practice of borrowing a security and selling it in the hope that it can be bought back at a lower price some time in the future to close out the short position)
BHP,BHP GROUP LIMITED,339826752284,Materials,2024-10-01,short_selling,Restricted Persons,any,any,permitted_with_clearance,via_dealing_definition,,3; 4,Not expressly banned for non-PDMRs; a short sale and the associated stock loan are dealings requiring clearance for Restricted Persons and insider-list persons.,"entry into, termination of, assignment of, or novation of any stock lending agreement"
BHP,BHP GROUP LIMITED,339826752284,Materials,2024-10-01,stock_lending,PDMRs,any,any,permitted_with_clearance,via_dealing_definition,,3; 5,"Not banned, but entry into, termination, assignment or novation of a stock lending agreement is a dealing requiring clearance and post-trade notification.","entry into, termination of, assignment of, or novation of any stock lending agreement"
BHP,BHP GROUP LIMITED,339826752284,Materials,2024-10-01,stock_lending,Restricted Persons,any,any,permitted_with_clearance,via_dealing_definition,,3; 4,Stock lending is a dealing requiring clearance and barred in Closed Periods.,"entry into, termination of, assignment of, or novation of any stock lending agreement"
BHP,BHP GROUP LIMITED,339826752284,Materials,2024-10-01,cfd,PDMRs,any,otc,permitted_with_clearance,via_dealing_definition,,3; 4,"CFDs are not named. A CFD is a contract to secure a profit or avoid a loss by reference to price fluctuations and so a dealing requiring clearance; if it is traded on an exchange or organised market it falls within the express derivatives ban, a short CFD is likely within the short selling ban in substance, and an open-ended CFD held short-term may be a short-term dealing.",entry into a contract to secure a profit or avoid a loss by reference to price fluctuations
BHP,BHP GROUP LIMITED,339826752284,Materials,2024-10-01,margin_lending,PDMRs,unvested,any,prohibited,express,,4 (Additional restrictions on PDMRs),Express ban on margin loans collateralised by unvested securities.,"where the dealing involves using unvested BHP securities as collateral in any financial transaction, including hedging and margin loan arrangements"
BHP,BHP GROUP LIMITED,339826752284,Materials,2024-10-01,margin_lending,PDMRs,vested_unrestricted,any,permitted_with_clearance,express,,3 (Dealing in securities); 5,"Margin lending over vested securities is not banned but entry into the arrangement is expressly a dealing, so it needs clearance, cannot be entered in a Closed Period, and must be notified post-trade (and by BHP to the FCA and exchanges).",entry into any margin lending or other secured financing arrangement.
BHP,BHP GROUP LIMITED,339826752284,Materials,2024-10-01,margin_lending,Restricted Persons,any,any,permitted_with_clearance,express,,3; 4,Entry into a margin lending arrangement is a dealing requiring clearance for Restricted Persons and insider-list persons.,entry into any margin lending or other secured financing arrangement.
BHP,BHP GROUP LIMITED,339826752284,Materials,2024-10-01,margin_lending,"BHP directors, employees and contractors",any,any,permitted,express,,3,For general staff a margin loan is a dealing subject only to the insider trading prohibition.,entry into any margin lending or other secured financing arrangement.
BHP,BHP GROUP LIMITED,339826752284,Materials,2024-10-01,encumbrance,PDMRs,vested_unrestricted,any,permitted_with_clearance,via_dealing_definition,,3; 5,"Granting security, a charge, lien or other encumbrance over securities is itself a dealing, so a security interest over the collared shares needs clearance, is barred in Closed Periods and triggers PDMR post-trade notification.","use as security, or otherwise granting a charge, lien or other encumbrance over securities"
BHP,BHP GROUP LIMITED,339826752284,Materials,2024-10-01,encumbrance,PDMRs,unvested,any,prohibited,express,,4 (Additional restrictions on PDMRs),Using unvested securities as collateral in any financial transaction is banned.,where the dealing involves using unvested BHP securities as collateral in any financial transaction
BHP,BHP GROUP LIMITED,339826752284,Materials,2024-10-01,encumbrance,Restricted Persons,any,any,permitted_with_clearance,via_dealing_definition,,3; 4,Granting an encumbrance is a dealing requiring clearance.,"use as security, or otherwise granting a charge, lien or other encumbrance over securities"
BHP,BHP GROUP LIMITED,339826752284,Materials,2024-10-01,secured_financing,PDMRs,unvested,any,prohibited,express,,4 (Additional restrictions on PDMRs),No financial transaction may be collateralised by unvested securities.,"where the dealing involves using unvested BHP securities as collateral in any financial transaction, including hedging and margin loan arrangements"
BHP,BHP GROUP LIMITED,339826752284,Materials,2024-10-01,secured_financing,PDMRs,vested_unrestricted,any,permitted_with_clearance,express,,3; 5,"Any secured financing arrangement (not just margin loans) is a dealing; permitted for vested unrestricted shares with clearance, outside Closed Periods, with post-trade notification to the Group Company Secretary and onward FCA/exchange disclosure. The policy is silent on holding-locked vested shares as collateral for a loan, though hedging them is banned for plan participants.",entry into any margin lending or other secured financing arrangement.
BHP,BHP GROUP LIMITED,339826752284,Materials,2024-10-01,secured_financing,Restricted Persons,any,any,permitted_with_clearance,express,,3; 4,Secured financing is a dealing requiring clearance for Restricted Persons and insider-list persons.,entry into any margin lending or other secured financing arrangement.
BHP,BHP GROUP LIMITED,339826752284,Materials,2024-10-01,short_term,PDMRs,any,any,prohibited,express,,4 (Additional restrictions on PDMRs),Instrument-maturity test: any investment with a maturity of one year or less is short-term and prohibited. A collar or loan with tenor of 12 months or less is caught.,on a short-term basis. An investment with a maturity of one year or less is considered of a short-term nature
BHP,BHP GROUP LIMITED,339826752284,Materials,2024-10-01,short_term,Restricted Persons,any,any,not_addressed,none,,,The short-term dealing ban is expressed only for PDMRs.,
CBA,COMMONWEALTH BANK OF AUSTRALIA.,266331534276,Banks,2024-09-30,hedging,Specified Persons,unvested,any,prohibited,express,,Policy requirements para 8(a),No transaction limiting economic risk of exposure to unvested Group Securities received under a Group equity plan. Extends to Associates via para 17 and the definition of Specified Person obligations.,Specified Persons must not enter into a transaction that limits the economic risk of their exposure to Group Securities received under any Group equity plan that are: a. unvested
CBA,COMMONWEALTH BANK OF AUSTRALIA.,266331534276,Banks,2024-09-30,hedging,Specified Persons,vested_locked,any,prohibited,express,,Policy requirements para 8(b),No transaction limiting economic risk of exposure to plan securities that are vested but subject to a holding lock or plan trading restriction.,vested but subject to a holding lock or trading restriction under the terms of the plan.
CBA,COMMONWEALTH BANK OF AUSTRALIA.,266331534276,Banks,2024-09-30,hedging,Specified Persons,vested_unrestricted,any,permitted_with_clearance,via_dealing_definition,,"Policy requirements paras 8, 10, 16; Definitions (Security, Trade)","Para 8 is confined to unvested and locked plan securities, so a Specified Person outside the para 9 sub-tier (e.g. an Executive General Manager or Subsidiary Board director) is not expressly barred from hedging vested unrestricted shares. A collar is a derivative over Group Securities, hence a Security, and entering it is a Trade: it may only be done in a Trading Window, with Pre-Clearance where required under the Procedure, and subject to the 30-day LIFO holding rule and the CFD/short selling/stock lending bans.",Specified Persons and their Associates may only Trade in Group Securities during a Trading Window unless one of the exceptions below applies.
CBA,COMMONWEALTH BANK OF AUSTRALIA.,266331534276,Banks,2024-09-30,hedging,"CBA Board directors, Group Company Secretaries, Group Executives",vested_unrestricted,any,prohibited,express,,Policy requirements para 9,"Absolute ban on risk-limiting transactions over any vested Group Securities, whether plan-sourced or bought on market; extends to Associates. A purchased put or collar over vested shares is caught.","the CBA Board directors, Group Company Secretaries, Group Executives, and each of their Associates, must not enter into a transaction that limits the economic risk of their exposure to any vested Group Securities."
CBA,COMMONWEALTH BANK OF AUSTRALIA.,266331534276,Banks,2024-09-30,hedging,"CBA Board directors, Group Company Secretaries, Group Executives",vested_locked,any,prohibited,express,,"Policy requirements paras 8(b), 9",Caught by para 9 (any vested Group Securities) and by para 8(b) as Specified Persons.,must not enter into a transaction that limits the economic risk of their exposure to any vested Group Securities.
CBA,COMMONWEALTH BANK OF AUSTRALIA.,266331534276,Banks,2024-09-30,hedging,"CBA Board directors, Group Company Secretaries, Group Executives",unvested,any,prohibited,express,,Policy requirements para 8(a),Caught by para 8(a) as Specified Persons.,Specified Persons must not enter into a transaction that limits the economic risk of their exposure to Group Securities received under any Group equity plan that are: a. unvested
CBA,COMMONWEALTH BANK OF AUSTRALIA.,266331534276,Banks,2024-09-30,hedging,all employees,any,any,not_addressed,implied,,Policy requirements paras 8-9,The hedging bans are confined to Specified Persons and the para 9 sub-tier; the policy is silent for other employees beyond the insider trading prohibition and any Procedure requirements.,
CBA,COMMONWEALTH BANK OF AUSTRALIA.,266331534276,Banks,2024-09-30,derivatives,Specified Persons,any,any,permitted_with_clearance,via_dealing_definition,,"Definitions (Security, Trade); paras 10, 16(c)","Derivatives, including OTC options and hedges settled in cash or otherwise, are Securities; a derivative over Group Securities is a Group Security. Not banned as a class (other than CFDs and short selling/stock lending instruments) but may only be entered in a Trading Window with Pre-Clearance where required, and subject to the hedging bans in paras 8-9.","any derivatives products relating to the types of securities listed above, including but not limited to equity swaps, warrants, futures, contracts for difference, hedges and exchange traded or over the counter options, whether settled by cash or otherwise."
CBA,COMMONWEALTH BANK OF AUSTRALIA.,266331534276,Banks,2024-09-30,derivatives,"CBA Board directors, Group Company Secretaries, Group Executives",any,any,prohibited,via_hedging_definition,,"Policy requirements paras 9, 18","Any derivative that limits economic risk on vested Group Securities (put, collar, swap) is barred by para 9; a derivative that does not limit risk is a Trade requiring a Trading Window and Pre-Clearance. Para 18(b) separately bans any Security whose price depends on a Group Security listed on a UK or EU regulated market.",must not enter into a transaction that limits the economic risk of their exposure to any vested Group Securities.
CBA,COMMONWEALTH BANK OF AUSTRALIA.,266331534276,Banks,2024-09-30,derivatives,all employees,any,any,not_addressed,implied,,Policy requirements paras 1-5,Only the insider trading prohibition and any Pre-Clearance designated under the Procedure apply.,
CBA,COMMONWEALTH BANK OF AUSTRALIA.,266331534276,Banks,2024-09-30,monetisation,Specified Persons,vested_unrestricted,any,permitted_with_clearance,via_dealing_definition,,"Definitions (Trade, Security); paras 10, 16(a)","Monetisation is not named. An agreement to dispose, or a cash-settled derivative, is a Trade and so is confined to Trading Windows with Pre-Clearance where required. Monetisation through a secured loan is barred by para 16(a); monetisation of unvested or locked plan shares through a risk-limiting transaction is barred by para 8.","Trade or Trading includes buying, selling, acquiring, transferring or disposing of Securities, agreeing to do so, or procuring someone else to do so, whether on or off market."
CBA,COMMONWEALTH BANK OF AUSTRALIA.,266331534276,Banks,2024-09-30,monetisation,"CBA Board directors, Group Company Secretaries, Group Executives",vested_unrestricted,any,prohibited,via_hedging_definition,,"Policy requirements paras 9, 16(a)","Any monetisation structure that limits economic risk on vested Group Securities (collar, prepaid forward) is barred by para 9, and any secured financing is barred by para 16(a). An outright sale in a Trading Window with Pre-Clearance remains available.",must not enter into a transaction that limits the economic risk of their exposure to any vested Group Securities.
CBA,COMMONWEALTH BANK OF AUSTRALIA.,266331534276,Banks,2024-09-30,monetisation,all employees,any,any,not_addressed,implied,,,Silent for employees who are not Specified Persons.,
CBA,COMMONWEALTH BANK OF AUSTRALIA.,266331534276,Banks,2024-09-30,short_selling,Specified Persons,any,any,prohibited,express,,Policy requirements para 16(c),"Absolute ban on instruments or arrangements for short selling Group Securities, save to the extent covered by the Trading Window exceptions.",enter into contracts for difference or use any instruments or enter any arrangements for short selling or stock lending of Group Securities
CBA,COMMONWEALTH BANK OF AUSTRALIA.,266331534276,Banks,2024-09-30,short_selling,all employees,any,any,not_addressed,implied,,,Silent for employees who are not Specified Persons.,
CBA,COMMONWEALTH BANK OF AUSTRALIA.,266331534276,Banks,2024-09-30,stock_lending,Specified Persons,any,any,prohibited,express,,Policy requirements para 16(c),Absolute ban on arrangements for stock lending of Group Securities; relevant if the bank's hedge relies on borrowing the collared shares.,use any instruments or enter any arrangements for short selling or stock lending of Group Securities
CBA,COMMONWEALTH BANK OF AUSTRALIA.,266331534276,Banks,2024-09-30,stock_lending,all employees,any,any,not_addressed,implied,,,Silent for employees who are not Specified Persons.,
CBA,COMMONWEALTH BANK OF AUSTRALIA.,266331534276,Banks,2024-09-30,cfd,Specified Persons,any,any,prohibited,express,,Policy requirements para 16(c),Absolute ban on contracts for difference over Group Securities.,enter into contracts for difference or use any instruments or enter any arrangements for short selling or stock lending of Group Securities
CBA,COMMONWEALTH BANK OF AUSTRALIA.,266331534276,Banks,2024-09-30,cfd,all employees,any,any,not_addressed,implied,,,Silent for employees who are not Specified Persons.,
CBA,COMMONWEALTH BANK OF AUSTRALIA.,266331534276,Banks,2024-09-30,margin_lending,Specified Persons,any,any,prohibited,express,,Policy requirements para 16(a),Group Securities (vested or unvested) may not be used as security for margin lending. Rationale stated: a forced sale may breach the policy.,"use Group Securities as security for margin lending or other secured financing arrangements, as a forced sale may lead to the breach of this Policy"
CBA,COMMONWEALTH BANK OF AUSTRALIA.,266331534276,Banks,2024-09-30,margin_lending,all employees,any,any,not_addressed,implied,,,Silent for employees who are not Specified Persons.,
CBA,COMMONWEALTH BANK OF AUSTRALIA.,266331534276,Banks,2024-09-30,encumbrance,Specified Persons,any,any,prohibited,express,,Policy requirements para 16(a),Using Group Securities as security for any secured financing arrangement is banned. Granting a charge or mortgage over collared shares to the bank falls within this. Encumbrance is not otherwise defined as a Trade.,use Group Securities as security for margin lending or other secured financing arrangements
CBA,COMMONWEALTH BANK OF AUSTRALIA.,266331534276,Banks,2024-09-30,encumbrance,all employees,any,any,not_addressed,implied,,,Silent for employees who are not Specified Persons.,
CBA,COMMONWEALTH BANK OF AUSTRALIA.,266331534276,Banks,2024-09-30,secured_financing,Specified Persons,any,any,prohibited,express,,Policy requirements para 16(a),"Ban covers any secured financing arrangement over Group Securities, not only margin loans, and applies to Associates. No exception for lender-enforced sales; a forced sale is described as a likely breach.","use Group Securities as security for margin lending or other secured financing arrangements, as a forced sale may lead to the breach of this Policy"
CBA,COMMONWEALTH BANK OF AUSTRALIA.,266331534276,Banks,2024-09-30,secured_financing,all employees,any,any,not_addressed,implied,,,Silent for employees who are not Specified Persons.,
CBA,COMMONWEALTH BANK OF AUSTRALIA.,266331534276,Banks,2024-09-30,short_term,Specified Persons,any,any,prohibited,express,,Policy requirements para 16(b),"Group Securities may not be held for less than 30 days, calculated last in, first out. Any acquisition (including shares delivered under a collar or a written call) restarts the 30-day clock for all holdings.","hold Group Securities for less than a thirty-day period, calculated on a last in, first out basis"
CBA,COMMONWEALTH BANK OF AUSTRALIA.,266331534276,Banks,2024-09-30,short_term,all employees,any,any,not_addressed,implied,,,Silent for employees who are not Specified Persons.,
ORG,ORIGIN ENERGY LIMITED,20156147751,Utilities,2025-03-11,derivatives,all,any,any,permitted_with_clearance,via_dealing_definition,,"4; Attachment 1 (Dealing, Securities)","No express derivatives rule. Creating a derivative over Securities, and buying or selling financial products created over or in respect of Securities, are Dealings; Securities includes derivatives and any financial product with no venue limit, so an OTC put/call is a Dealing requiring prior written clearance and is barred in Closed Periods, Additional Prohibitions and while holding Inside Information.","buy or sell Securities or financial products issued or created over, or in respect of Securities ... create a derivative over Securities"
ORG,ORIGIN ENERGY LIMITED,20156147751,Utilities,2025-03-11,hedging,all,unvested,any,prohibited,express,,7.2,Absolute ban on instruments limiting economic risk of equity incentive scheme securities while subject to performance hurdles or otherwise unvested.,You must not Deal in instruments or other financial products which operate to limit the economic risk of any Securities issued to you under any equity incentive schemes provided by Origin while those holdings are subject to performance hurdles or are otherwise unvested.
ORG,ORIGIN ENERGY LIMITED,20156147751,Utilities,2025-03-11,hedging,all,vested_unrestricted,any,permitted_with_clearance,express,,7.2,"Hedging arrangements over vested plan securities are expressly contemplated and must comply with the Policy, i.e. prior written clearance, outside Closed Periods/Additional Prohibitions, no Inside Information. The policy does not distinguish vested-but-locked shares; hedging of non-plan shares is not named and is caught only as a Dealing.","Any sale, hedging arrangement or other Dealing involving those Securities after they have vested must be done in compliance with this Policy."
ORG,ORIGIN ENERGY LIMITED,20156147751,Utilities,2025-03-11,monetisation,all,any,any,permitted_with_clearance,via_dealing_definition,,Attachment 1 (Dealing); 7.1,Monetisation is not named. A prepaid forward or similar is a Dealing (financial product in respect of Securities; agreement to sell) requiring clearance. Any monetisation that takes security over Origin Securities is a secured financing arrangement prohibited by 7.1.,"enter into an agreement to do any of the above, and Deal has a corresponding meaning."
ORG,ORIGIN ENERGY LIMITED,20156147751,Utilities,2025-03-11,short_selling,all,any,any,prohibited,express,,6,Outright ban; short selling is also listed within the Dealing definition as a short-term trade.,You must not engage in short-selling Origin Securities.
ORG,ORIGIN ENERGY LIMITED,20156147751,Utilities,2025-03-11,stock_lending,all,any,any,not_addressed,implied,,,Securities lending is not named anywhere and is not listed in the Dealing definition.,
ORG,ORIGIN ENERGY LIMITED,20156147751,Utilities,2025-03-11,cfd,all,any,any,permitted_with_clearance,via_dealing_definition,,"6; Attachment 1 (Dealing, Securities)","CFDs are not named. They are financial products in respect of Securities and so a Dealing requiring clearance, but a CFD would in practice fall within the ban on short-term or speculative Dealing and, if short, the short-selling ban.",You must not Deal in Origin’s Securities on a short-term or speculative basis.
ORG,ORIGIN ENERGY LIMITED,20156147751,Utilities,2025-03-11,margin_lending,all,any,any,prohibited,express,,7.1,"Margin loans using Origin Securities as collateral, solely or as part of a portfolio, are banned from the date of the Policy. A lender's forced sale in a Closed Period or other prohibited time is a serious breach.","From the date of this Policy, you must not enter into margin lending arrangements using Origin Securities (either solely or as part of a portfolio) as security as a collateral against repayment of a loan, or enter into any other secured financing arrangements in respect of Origin Securities."
ORG,ORIGIN ENERGY LIMITED,20156147751,Utilities,2025-03-11,encumbrance,all,any,any,prohibited,express,,7.1,Granting security over Origin Securities to support any financing is prohibited as a 'secured financing arrangement'. A charge or lien unconnected to a financing is not named and is not a Dealing under the definition.,or enter into any other secured financing arrangements in respect of Origin Securities.
ORG,ORIGIN ENERGY LIMITED,20156147751,Utilities,2025-03-11,secured_financing,all,any,any,prohibited,express,,7.1,"Blanket ban on any secured financing in respect of Origin Securities, not limited to margin loans; no tier, security-state or approval carve-out and no exemption authority.",or enter into any other secured financing arrangements in respect of Origin Securities.
ORG,ORIGIN ENERGY LIMITED,20156147751,Utilities,2025-03-11,short_term,all,any,any,prohibited,express,,6,"Intention test: no acquisition with intent to dispose within three months, and no arrangements that result in short-term Dealing (margin loans given as an example). Carve-out for securities acquired on exercise of plan options/rights and shares acquired under employee equity incentive schemes.","You must not acquire Origin’s Securities with the intention of disposing or selling them within three months of acquisition, or enter into arrangements which result in short-term Dealing (such as margin loans) to minimise the perception of speculative trading."
